id,name,city_id,age
1,Azure Starlight,5,65
2,Luna Dreamweaver,3,23
3,Obsidian Shadowcaster,7,42
4,Arcane Ember,1,78
5,Aether Blossom,9,15
6,Cosmic Cascade,8,56
7,Sylvan Serenade,10,34
8,Illumina Wavelength,4,91
9,Eclipsia Luminara,6,19
10,Zephyr Zephyrion,2,47
11,Flora Whimsytide,5,30
12,Inferno Blazefire,3,69
13,Chrono Sparkleforge,7,85
14,Mystique Wondersong,1,41
15,Solaris Harmony,9,12
16,Sonnet Moonbeam,8,54
17,Aura Nebulosity,10,26
18,Lumina Novaflare,4,60
19,Astrea Celestiale,6,76
20,Verdant Echoleaf,2,37
21,Phantom Shadeglide,5,50
22,Melody Skyshifter,3,88
23,Aether Lightrider,7,24
24,Celestial Arcane,1,93
25,Zenith Zenithstar,9,16
26,Quantum Sparkshaper,8,45
27,Ethereal Windsong,4,71
28,Astral Zenithwalker,6,35
29,Enigma Frostwhisper,10,59
30,Harmony Duskwatcher,2,11
31,Lunar Solstice,5,48
32,Crystal Celestial,3,77
33,Saga Mysticweave,7,18
34,Aurora Luminaria,1,68
35,Serenity Starlight,9,32
36,Inferno Emberforge,8,79
37,Stone Mysticshade,4,20
38,Symphonia Dusklight,10,61
39,Zephyr Zephyreverie,6,38
40,Songstone Nightshade,2,64
41,Luminara Starwhisper,5,14
42,Abyssal Moonshaper,3,55
43,Harmony Duskblossom,7,89
44,Lush Celestial,1,27
45,Lunar Lullaby,9,84
46,Ethereal Whisperglade,8,43
47,Starlight Shadowdancer,4,31
48,Lumina Lightrider,6,75
49,Luna Dreamwalker,10,46
50,Quantum Sparkleforge,2,23
51,Abyssal Moonwhisper,5,58
52,Inferno Embercaster,3,39
53,Cosmic Cascade,7,67
54,Sonnet Moonfire,1,51
55,Aurora Luminara,9,82
56,Sylvan Serenade,8,22
57,Obsidian Shadowcaster,6,28
58,Inferno Emberforge,10,80
59,Arcane Ember,2,44
60,Zephyr Zephyrion,5,53
61,Lumina Luminosity,3,13
62,Astral Zenithwalker,1,37
63,Zenith Zenithstar,9,71
64,Flora Whimsytide,8,30
65,Luna Dreamweaver,4,23
66,Serenity Starwhisper,10,17
67,Saga Mysticweave,6,44
68,Aura Nebulosity,2,79
69,Symphonia Dusklight,5,61
70,Arcane Ember,7,75
71,Quantum Sparkshaper,3,19
72,Cosmic Cascade,1,82
73,Lush Celestial,8,26
74,Phantom Shadeglide,6,51
75,Lunar Lullaby,10,67
76,Sonnet Moonfire,2,22
77,Sylvan Serenade,9,28
78,Stone Mysticshade,4,53
79,Serenity Starlight,7,39
80,Inferno Blazefire,5,52
81,Obsidian Shadowcaster,3,66
82,Verdant Echoleaf,1,20
83,Eclipsia Luminara,8,68
84,Luna Dreamwalker,6,43
85,Luminara Starwhisper,10,31
86,Saga Mysticweave,2,50
87,Solaris Harmony,5,56
88,Flora Whimsytide,9,21
89,Zephyr Zephyrion,3,72
90,Quantum Sparkleforge,1,57
91,Chrono Sparkleforge,8,49
92,Symphonia Dusklight,6,36
93,Sonnet Moonbeam,10,65
94,Zenith Zenithstar,2,28
95,Inferno Embercaster,4,63
96,Arcane Ember,7,76
97,Verdant Echoleaf,9,41
98,Enigma Frostwhisper,5,19
99,Melody Skyshifter,3,34
100,Sylvan Serenade,8,50
101,Sonnet Moonfire,6,68
102,Lumina Novaflare,2,26
103,Inferno Blazefire,10,41
104,Solaris Harmony,4,76
105,Lunar Lullaby,1,59
106,Saga Mysticweave,7,36
107,Astral Zenithwalker,3,49
108,Lush Celestial,9,17
109,Ethereal Whisperglade,5,40
110,Stone Mysticshade,8,85
111,Obsidian Shadowcaster,2,72
112,Luna Dreamwalker,10,54
113,Cosmic Cascade,6,29
114,Solaris Harmony,1,45
115,Chrono Sparkleforge,9,61
116,Abyssal Moonshaper,3,13
117,Luminara Starwhisper,7,77
118,Verdant Echoleaf,5,22
119,Symphonia Dusklight,2,35
120,Mystique Wondersong,4,54
121,Crystal Celestial,8,70
122,Lush Celestial,10,38
123,Sonnet Moonbeam,6,59
124,Zephyr Zephyreverie,1,83
125,Obsidian Shadowcaster,7,22
126,Lumina Luminosity,3,30
127,Quantum Sparkshaper,9,19
128,Inferno Emberforge,5,32
129,Sylvan Serenade,8,81
130,Flora Whimsytide,4,67
131,Zenith Zenithstar,10,44
132,Eclipsia Luminara,2,28
133,Chrono Sparkleforge,6,76
134,Luminara Starlight,1,61
135,Solaris Harmony,9,50
136,Zephyr Zephyrion,3,46
137,Mystique Wondersong,7,59
138,Symphonia Dusklight,10,33
139,Quantum Sparkshaper,2,75
140,Astral Zenithwalker,5,39
141,Luna Dreamwalker,8,24
142,Obsidian Shadowcaster,4,87
143,Lush Celestial,6,19
144,Arcane Ember,10,54
145,Sylvan Serenade,2,42
146,Cosmic Cascade,7,76
147,Zenith Zenithstar,3,50
148,Flora Whimsytide,9,35
149,Saga Mysticweave,1,80
150,Luminara Starwhisper,5,13
151,Sonnet Moonfire,8,82
152,Lunar Lullaby,4,40
153,Stone Mysticshade,10,31
154,Serenity Starwhisper,2,77
155,Inferno Embercaster,6,20
156,Solaris Harmony,9,57
157,Mystique Wondersong,3,51
158,Lush Celestial,7,28
159,Ethereal Whisperglade,1,44
160,Chrono Sparkleforge,8,60
161,Zephyr Zephyrion,5,17
162,Symphonia Dusklight,10,46
163,Crystal Celestial,2,84
164,Luna Dreamwalker,6,24
165,Saga Mysticweave,4,61
166,Aura Nebulosity,8,35
167,Arcane Ember,3,58
168,Sylvan Serenade,9,73
169,Solaris Harmony,1,27
170,Quantum Sparkshaper,7,69
171,Lush Celestial,5,32
172,Obsidian Shadowcaster,10,50
173,Zenith Zenithstar,2,78
174,Mystique Wondersong,6,45
175,Serenity Starwhisper,8,22
176,Flora Whimsytide,4,59
177,Chrono Sparkleforge,10,39
178,Luminara Starlight,1,63
179,Stone Mysticshade,5,26
180,Luna Dreamwalker,7,19
181,Inferno Emberforge,3,81
182,Cosmic Cascade,9,42
183,Sonnet Moonbeam,2,23
184,Zephyr Zephyreverie,6,68
185,Obsidian Shadowcaster,10,44
186,Lumina Luminosity,4,57
187,Quantum Sparkshaper,8,30
188,Inferno Embercaster,5,47
189,Arcane Ember,9,66
190,Mystique Wondersong,1,41
191,Symphonia Dusklight,7,56
192,Chrono Sparkleforge,3,19
193,Luna Dreamwalker,10,28
194,Zephyr Zephyrion,2,54
195,Sylvan Serenade,8,77
196,Lush Celestial,6,31
197,Solaris Harmony,9,48
198,Obsidian Shadowcaster,4,67
199,Flora Whimsytide,1,39
200,Cosmic Cascade,5,52
